{"RL-019.jpg": [], "RL-155.jpg": [], "RL-017.jpg": [[209, 598, 235, 608, 0.9073857463107908]], "RL-195.jpg": [], "RL-181.jpg": [], "RL-131.jpg": [], "RL-175.jpg": [], "RL-259.jpg": [], "RL-304.jpg": [], "RL-032.jpg": [], "RL-328.jpg": [], "RL-084.jpg": [], "RL-009.jpg": [], "RL-313.jpg": [], "RL-221.jpg": [], "RL-322.jpg": [[209, 448, 235, 458, 0.9159653183907245]], "RL-185.jpg": [[151, 28, 215, 56, 0.9214965092943208], [218, 223, 244, 233, 0.9079059296120834]], "RL-073.jpg": [], "RL-003.jpg": [], "RL-062.jpg": [], "RL-219.jpg": [], "RL-281.jpg": [], "RL-059.jpg": [], "RL-290.jpg": [], "RL-053.jpg": [], "RL-089.jpg": [], "RL-027.jpg": [[167, 349, 193, 359, 0.910863800791149]], "RL-061.jpg": [], "RL-254.jpg": [], "RL-229.jpg": [], "RL-250.jpg": [], "RL-002.jpg": [], "RL-106.jpg": [], "RL-303.jpg": [], "RL-192.jpg": [], "RL-248.jpg": [], "RL-109.jpg": [], "RL-252.jpg": [], "RL-174.jpg": [], "RL-067.jpg": [], "RL-065.jpg": [], "RL-101.jpg": [], "RL-238.jpg": [], "RL-035.jpg": [], "RL-318.jpg": [], "RL-117.jpg": [], "RL-234.jpg": [], "RL-214.jpg": [], "RL-237.jpg": [], "RL-078.jpg": [], "RL-033.jpg": [], "RL-111.jpg": [], "RL-211.jpg": [], "RL-076.jpg": [], "RL-037.jpg": [], "RL-024.jpg": [], "RL-282.jpg": [], "RL-207.jpg": [], "RL-103.jpg": [], "RL-244.jpg": [[5, 214, 43, 230, 0.92524608195183], [17, 514, 43, 524, 0.9113465745628574]], "RL-058.jpg": [], "RL-069.jpg": [], "RL-220.jpg": [], "RL-171.jpg": [[23, 79, 49, 89, 0.9040278186996102], [50, 118, 76, 128, 0.9390516002080713], [74, 91, 100, 101, 0.9265536301194983], [89, 76, 115, 86, 0.9162048304170917], [86, 430, 124, 446, 0.9124234109915592], [92, 475, 118, 485, 0.9219651570686144], [167, 49, 205, 65, 0.918592497519757]], "RL-209.jpg": [], "RL-163.jpg": [], "RL-294.jpg": [], "RL-071.jpg": [], "RL-114.jpg": [], "RL-307.jpg": [], "RL-152.jpg": [], "RL-264.jpg": [], "RL-317.jpg": [], "RL-112.jpg": [], "RL-308.jpg": [], "RL-026.jpg": [], "RL-107.jpg": [], "RL-330.jpg": [], "RL-258.jpg": [], "RL-222.jpg": [], "RL-086.jpg": [], "RL-275.jpg": [], "RL-098.jpg": [], "RL-224.jpg": [], "RL-023.jpg": [], "RL-036.jpg": [], "RL-082.jpg": [], "RL-159.jpg": [], "RL-235.jpg": [], "RL-255.jpg": [], "RL-096.jpg": [], "RL-236.jpg": [], "RL-164.jpg": [], "RL-228.jpg": [], "RL-153.jpg": [], "RL-314.jpg": [], "RL-240.jpg": [], "RL-200.jpg": [], "RL-269.jpg": [[143, 535, 181, 551, 0.9063053434107926]], "RL-292.jpg": [], "RL-044.jpg": [], "RL-208.jpg": [[116, 25, 142, 35, 0.900701220025257]], "RL-251.jpg": [], "RL-129.jpg": [], "RL-016.jpg": [], "RL-267.jpg": [], "RL-184.jpg": [], "RL-093.jpg": [], "RL-243.jpg": [], "RL-160.jpg": [], "RL-052.jpg": [], "RL-202.jpg": [], "RL-141.jpg": [], "RL-042.jpg": [], "RL-051.jpg": [], "RL-125.jpg": [], "RL-110.jpg": [], "RL-006.jpg": [], "RL-241.jpg": [], "RL-306.jpg": [], "RL-029.jpg": [], "RL-156.jpg": [], "RL-217.jpg": [], "RL-182.jpg": [[193, 175, 233, 203, 0.9002724946886638]], "RL-260.jpg": [], "RL-043.jpg": [[92, 292, 130, 308, 0.9278916072379111]], "RL-004.jpg": [], "RL-147.jpg": [], "RL-203.jpg": [], "RL-316.jpg": [], "RL-134.jpg": [], "RL-293.jpg": [], "RL-215.jpg": [], "RL-283.jpg": [], "RL-189.jpg": [], "RL-186.jpg": [[224, 385, 250, 395, 0.9416454317181523]], "RL-028.jpg": [], "RL-261.jpg": [], "RL-170.jpg": [[130, 121, 182, 143, 0.9222697862908503], [197, 40, 235, 56, 0.9268329562655987]], "RL-262.jpg": [], "RL-230.jpg": [], "RL-305.jpg": [], "RL-104.jpg": [], "RL-327.jpg": [], "RL-270.jpg": [], "RL-142.jpg": [], "RL-178.jpg": [[215, 87, 241, 105, 0.9061055630356583]], "RL-210.jpg": [], "RL-018.jpg": [], "RL-090.jpg": [], "RL-253.jpg": [], "RL-088.jpg": [], "RL-116.jpg": [], "RL-130.jpg": [], "RL-095.jpg": [], "RL-302.jpg": [], "RL-133.jpg": [], "RL-077.jpg": [], "RL-277.jpg": [], "RL-173.jpg": [], "RL-054.jpg": [[194, 571, 220, 581, 0.9203669030101211]], "RL-273.jpg": [], "RL-191.jpg": [], "RL-094.jpg": [[194, 222, 220, 240, 0.9096551336953961], [194, 412, 220, 422, 0.929693292469512]], "RL-297.jpg": [], "RL-169.jpg": [], "RL-188.jpg": [], "RL-193.jpg": [], "RL-105.jpg": [], "RL-225.jpg": [], "RL-102.jpg": [[77, 484, 103, 494, 0.9075430204047648]], "RL-265.jpg": [], "RL-139.jpg": [], "RL-085.jpg": [], "RL-015.jpg": [[194, 409, 220, 419, 0.9117932371179165]], "RL-040.jpg": [], "RL-311.jpg": [], "RL-315.jpg": [], "RL-205.jpg": [], "RL-099.jpg": [], "RL-226.jpg": [], "RL-320.jpg": [], "RL-198.jpg": [], "RL-287.jpg": [], "RL-050.jpg": [], "RL-118.jpg": [], "RL-319.jpg": [], "RL-041.jpg": [], "RL-012.jpg": [[38, 301, 76, 317, 0.9098792691671108], [143, 505, 181, 521, 0.9422702160911166]], "RL-301.jpg": [], "RL-285.jpg": [], "RL-278.jpg": [], "RL-087.jpg": [], "RL-148.jpg": [], "RL-199.jpg": [], "RL-245.jpg": [[128, 70, 166, 86, 0.9105103661178677], [224, 64, 250, 74, 0.922049978564332]], "RL-284.jpg": [], "RL-333.jpg": [], "RL-299.jpg": [], "RL-039.jpg": [], "RL-276.jpg": [], "RL-097.jpg": [[86, 256, 112, 266, 0.9536972018509601]], "RL-005.jpg": [], "RL-048.jpg": [[209, 313, 247, 329, 0.9006050136953101]], "RL-300.jpg": [], "RL-166.jpg": [], "RL-020.jpg": [], "RL-124.jpg": [], "RL-172.jpg": [[151, 226, 203, 248, 0.905364828194752]], "RL-010.jpg": [[14, 123, 82, 171, 0.9765774732762765], [28, 322, 92, 350, 0.9176007604086226], [175, 601, 239, 629, 0.9430748105874489]], "RL-001.jpg": [], "RL-013.jpg": [], "RL-216.jpg": [[194, 220, 220, 230, 0.932219814411396]], "RL-108.jpg": [], "RL-121.jpg": [], "RL-145.jpg": [], "RL-323.jpg": [[209, 448, 235, 458, 0.9159653183907245]], "RL-231.jpg": [], "RL-280.jpg": [], "RL-176.jpg": [], "RL-247.jpg": [], "RL-162.jpg": [[163, 418, 215, 440, 0.9049056730942701], [184, 181, 236, 203, 0.9236837933873773]], "RL-128.jpg": [], "RL-312.jpg": [], "RL-331.jpg": [[221, 157, 247, 167, 0.9126474733166757]], "RL-045.jpg": [], "RL-047.jpg": [], "RL-187.jpg": [], "RL-136.jpg": [[200, 190, 226, 200, 0.9081482104208187]], "RL-046.jpg": [[203, 280, 241, 296, 0.9095143269461166]], "RL-075.jpg": [], "RL-007.jpg": [[1, 382, 53, 404, 0.9290563023042909], [125, 103, 151, 113, 0.9135588068860322]], "RL-279.jpg": [], "RL-268.jpg": [], "RL-309.jpg": [], "RL-232.jpg": [], "RL-286.jpg": [], "RL-206.jpg": [], "RL-298.jpg": [], "RL-213.jpg": [], "RL-127.jpg": [], "RL-055.jpg": [], "RL-274.jpg": [], "RL-165.jpg": [], "RL-242.jpg": [[160, 223, 212, 245, 0.9229878965688249], [188, 352, 226, 368, 0.9247091865050727]], "RL-031.jpg": [], "RL-183.jpg": [], "RL-177.jpg": [], "RL-296.jpg": [], "RL-068.jpg": [], "RL-070.jpg": [], "RL-291.jpg": [], "RL-272.jpg": [], "RL-190.jpg": [], "RL-249.jpg": [[138, 359, 192, 397, 0.904290186007518]], "RL-144.jpg": [], "RL-011.jpg": [[56, 153, 124, 201, 0.979917355479054], [67, 349, 131, 377, 0.976603008988136]], "RL-138.jpg": [], "RL-246.jpg": [[23, 142, 49, 152, 0.9006523186736077], [65, 64, 91, 74, 0.9001190580904136], [101, 280, 127, 290, 0.9025288302475623]], "RL-227.jpg": [], "RL-310.jpg": [], "RL-257.jpg": [], "RL-218.jpg": [], "RL-079.jpg": [], "RL-057.jpg": [], "RL-256.jpg": [], "RL-038.jpg": [], "RL-154.jpg": [], "RL-060.jpg": [], "RL-288.jpg": [], "RL-123.jpg": [], "RL-179.jpg": [], "RL-064.jpg": [], "RL-008.jpg": [], "RL-325.jpg": [], "RL-074.jpg": [], "RL-120.jpg": [], "RL-025.jpg": [], "RL-146.jpg": [], "RL-100.jpg": [], "RL-289.jpg": [], "RL-168.jpg": [], "RL-014.jpg": []}