{"RL-321.jpg": [], "RL-034.jpg": [], "RL-083.jpg": [], "RL-212.jpg": [], "RL-143.jpg": [], "RL-271.jpg": [[206, 345, 224, 353, 0.9587687899968899]], "RL-201.jpg": [], "RL-122.jpg": [[211, 471, 237, 481, 0.9321945887450158]], "RL-066.jpg": [], "RL-021.jpg": [], "RL-334.jpg": [], "RL-081.jpg": [], "RL-233.jpg": [], "RL-204.jpg": [], "RL-223.jpg": [[214, 504, 232, 512, 0.9012362555288862]], "RL-113.jpg": [], "RL-135.jpg": [], "RL-150.jpg": [], "RL-329.jpg": [[219, 135, 237, 143, 0.9036924638794456]], "RL-091.jpg": [], "RL-167.jpg": [], "RL-022.jpg": [[227, 438, 245, 446, 0.9035840739857359]], "RL-080.jpg": [], "RL-295.jpg": [], "RL-239.jpg": [], "RL-197.jpg": [], "RL-151.jpg": [], "RL-030.jpg": [], "RL-063.jpg": [], "RL-194.jpg": [], "RL-263.jpg": [], "RL-137.jpg": [[168, 329, 188, 343, 0.9146954102536228], [203, 191, 221, 199, 0.9328014839048512], [207, 399, 225, 407, 0.901408130664579]], "RL-326.jpg": [], "RL-115.jpg": [], "RL-140.jpg": [], "RL-149.jpg": [[185, 311, 203, 319, 0.9192789714489616], [224, 378, 242, 386, 0.9614593693905824]], "RL-266.jpg": [], "RL-072.jpg": [[44, 521, 62, 529, 0.9022783943644032]], "RL-049.jpg": [[193, 403, 231, 419, 0.931986802069281], [195, 158, 233, 174, 0.930502793086433]], "RL-126.jpg": [], "RL-332.jpg": [[222, 253, 240, 261, 0.9387971192489574], [224, 309, 242, 317, 0.9060789723727549]], "RL-056.jpg": [], "RL-180.jpg": [], "RL-157.jpg": [], "RL-132.jpg": [], "RL-158.jpg": [[172, 350, 190, 358, 0.9659394060115215], [209, 211, 227, 219, 0.9634022809100636], [216, 427, 234, 435, 0.9381486330133881]], "RL-161.jpg": [], "RL-092.jpg": [[153, 303, 171, 311, 0.9557333898368668], [187, 208, 207, 222, 0.9619355231603971], [193, 370, 211, 378, 0.9467773869983973]], "RL-196.jpg": [[185, 268, 203, 276, 0.9117564775649443], [189, 323, 207, 331, 0.9179256202654973], [218, 96, 236, 104, 0.9495939302517492]], "RL-324.jpg": [], "RL-119.jpg": []}