{"RL-021.jpg": [[185, 51.5, 210, 65.0], [145.5, 278, 169.0, 292], [191.33333333333331, 362, 207.33333333333331, 372], [190, 54, 197, 62], [149, 281, 156, 289]], "RL-022.jpg": [[247, 268, 250, 272], [231, 322.5, 234, 326.0], [247, 352.6666666666667, 253, 356.6666666666667], [246, 267, 256, 273], [229, 321, 240, 327]], "RL-030.jpg": [[284.33333333333337, 220, 288.6666666666667, 224.66666666666666], [248, 317.6666666666667, 254, 323.3333333333333], [282, 377, 287, 382.3333333333333]], "RL-034.jpg": [[217.66666666666669, 321, 226.0, 328], [267.33333333333337, 405.3333333333333, 274.6666666666667, 411.3333333333333]], "RL-049.jpg": [[196, 161, 210, 174], [144.66666666666669, 303.6666666666667, 159.33333333333331, 317.6666666666667], [195, 406.3333333333333, 209.66666666666669, 418.3333333333333]], "RL-056.jpg": [[210.66666666666669, 321, 215.0, 325], [212, 352.6666666666667, 215.66666666666669, 356.6666666666667], [231, 262, 234, 265]], "RL-063.jpg": [[314, 47.333333333333336, 322.66666666666663, 56.0], [221.66666666666669, 317.3333333333333, 233.66666666666666, 330.6666666666667], [294.66666666666663, 528.6666666666666, 306.0, 540.3333333333334]], "RL-066.jpg": [], "RL-072.jpg": [], "RL-080.jpg": [], "RL-081.jpg": [], "RL-083.jpg": [], "RL-091.jpg": [], "RL-092.jpg": [[185.66666666666669, 211.33333333333334, 201.0, 220.0], [151, 301.5, 174, 313.5], [191, 370, 212.5, 380], [194, 372, 200, 378], [154, 304, 160, 310]], "RL-113.jpg": [[330, 253.33333333333334, 337.66666666666663, 260.3333333333333], [290, 390.3333333333333, 297.66666666666663, 398.0], [331, 471.6666666666667, 338.66666666666663, 479.3333333333333], [383, 322, 387, 326], [374, 352, 378, 356]], "RL-115.jpg": [[282.66666666666663, 240, 294.0, 247], [245.5, 340, 261.5, 349], [281, 414.6666666666667, 294.33333333333337, 423.3333333333333], [247, 341, 254, 348]], "RL-119.jpg": [], "RL-122.jpg": [], "RL-126.jpg": [], "RL-132.jpg": [], "RL-135.jpg": [[223, 197, 242, 205], [193.66666666666669, 339.6666666666667, 202.33333333333331, 346.0], [232.33333333333334, 406.3333333333333, 241.33333333333334, 412.0], [226, 198.5, 230.5, 203.5]], "RL-137.jpg": [[204, 192.33333333333334, 209.66666666666669, 198.33333333333334], [169.66666666666669, 333.6666666666667, 175.66666666666669, 339.6666666666667], [208, 401, 213, 406.3333333333333]], "RL-140.jpg": [], "RL-143.jpg": [], "RL-149.jpg": [], "RL-150.jpg": [], "RL-151.jpg": [[181, 323, 188, 327], [195, 343, 200, 346], [193.33333333333331, 287.6666666666667, 198.33333333333331, 291.0]], "RL-157.jpg": [[326, 205.33333333333334, 335.33333333333337, 214.0], [291, 346, 300.33333333333337, 354.6666666666667], [335, 424, 343.33333333333337, 433]], "RL-158.jpg": [[206.5, 209.5, 218.0, 220.5], [171, 349.5, 181.5, 360.0], [214.5, 426, 225.5, 438.5]], "RL-161.jpg": [], "RL-167.jpg": [[178.33333333333331, 185.33333333333334, 194.66666666666669, 198.66666666666666], [128, 420, 143.66666666666669, 434.6666666666667], [246, 299, 251, 305], [248, 341, 254, 346], [248, 348, 253, 354]], "RL-180.jpg": [], "RL-194.jpg": [], "RL-196.jpg": [[232.33333333333334, 405, 239.66666666666666, 412.6666666666667], [189, 323.6666666666667, 196, 331.6666666666667], [217.66666666666669, 96.33333333333333, 226.0, 104.66666666666667], [184.66666666666669, 268.3333333333333, 192.33333333333331, 276.6666666666667]], "RL-197.jpg": [[244, 295, 249, 299], [230.66666666666666, 354, 235.33333333333334, 358], [243, 378, 247.66666666666666, 381]], "RL-201.jpg": [], "RL-204.jpg": [], "RL-212.jpg": [[202.66666666666669, 236.33333333333334, 213.33333333333331, 244.0], [175.33333333333331, 333, 184.0, 340], [204, 387.5, 217, 395.0], [206, 389, 210, 393]], "RL-223.jpg": [], "RL-233.jpg": [], "RL-239.jpg": [], "RL-263.jpg": [[204.66666666666669, 289.6666666666667, 208.0, 293.0], [226, 322, 229.33333333333334, 325.3333333333333], [231, 165, 234, 168]], "RL-266.jpg": [[291.33333333333337, 41.333333333333336, 296.33333333333337, 46.666666666666664], [218.66666666666669, 323.6666666666667, 225.33333333333334, 330.6666666666667], [276, 411.6666666666667, 282, 417.6666666666667]], "RL-271.jpg": [[249.66666666666666, 234.33333333333334, 258.33333333333337, 242.66666666666666], [205.33333333333331, 345, 213.66666666666669, 353.3333333333333], [253.33333333333334, 430.3333333333333, 262.33333333333337, 439.3333333333333]], "RL-295.jpg": [[247, 16, 255.66666666666666, 24.333333333333332], [250, 278, 257.33333333333337, 285.6666666666667]], "RL-321.jpg": [], "RL-324.jpg": [[251.66666666666666, 128.66666666666666, 262.0, 135.66666666666666], [223.5, 254, 236.0, 263.5], [250, 350, 260, 358], [252, 352, 256, 356], [226, 257, 230, 261]], "RL-326.jpg": [[250.66666666666666, 164, 260.0, 174], [249, 393.3333333333333, 258, 402.0]], "RL-329.jpg": [[219.33333333333331, 135.66666666666666, 227.0, 142.0], [188.33333333333331, 345, 195.0, 351.6666666666667], [190.33333333333331, 413.6666666666667, 198.0, 421.0], [235.33333333333334, 506.6666666666667, 243.0, 514.0]], "RL-332.jpg": [[269, 78, 276.66666666666663, 86.33333333333333], [222, 254.33333333333334, 229, 261.6666666666667], [224.33333333333334, 310, 231.66666666666666, 317.3333333333333], [267, 392, 275.33333333333337, 399.6666666666667]], "RL-334.jpg": [[218.33333333333331, 308.3333333333333, 238.33333333333334, 327.3333333333333], [266.66666666666663, 392, 284.0, 409], [246.66666666666666, 91.66666666666667, 268.0, 111.33333333333333]]}